111,Thi Pham,thi12345@gmail.com,0934822467,thi12345,thi88888,LEADER
358,Hang Dinh,hang100@gmail.com,0987878787,hang12345,hang12345,MEMBER
438,Ho Ly ,holy123@gmail.com,0987656565,ly12345,quynhanh12345,MEMBER
590,Triet Nguyen,triet123@gmail.com,0987565656,triet12345,triet12345,MEMBER
717,Ngan Huynh,ngan123@gmail.com,0987987987,ngan12345,ngan12345,MEMBER
323,Han Nguyen,han@yahoo.com,0987874563,han12345,han12345,MEMBER
920,Tyty Pham,ty456@gmail.com,0123987654,tyty12345,tyty12345,MEMBER
370,Tung Nguyen,tung123@gmail.com,0987675432,tung12345,54321tung,MEMBER
101,Phuc Nguyen,phuc123@gmail.com,0934567121,phuc12345,phuc12345,MEMBER
